{
	"format_version": "1.8.0",
	"animations": {
		"animation.deltalopunny.ground_walk": {
			"loop": true,
			"animation_length": 1.64,
			"bones": {
				"ear_right": {
					"rotation": [-2.7508, 49.74086, -15.92994]
				},
				"ear_right2": {
					"rotation": {
						"0.0": [0, 0, -57.5],
						"0.84": [0, -5, -57.5],
						"1.64": [0, 0, -57.5]
					}
				},
				"ear_right3": {
					"rotation": [0, 0, -5]
				},
				"ear_right4": {
					"rotation": [0, 0, 20]
				},
				"ear_right5": {
					"rotation": [0, 0, 30]
				},
				"ear_left": {
					"rotation": [-2.7508, -49.74086, 15.92994]
				},
				"ear_left2": {
					"rotation": {
						"0.0": [0, 0, 50],
						"0.84": [0, 5, 50],
						"1.64": [0, 0, 50]
					}
				},
				"ear_left3": {
					"rotation": [0, 0, 17.5]
				},
				"ear_left4": {
					"rotation": [0, 0, -20]
				},
				"ear_left5": {
					"rotation": [0, 0, -30]
				},
				"arm_right": {
					"rotation": [20.04402, -11.41819, -32.48016]
				},
				"arm_right2": {
					"rotation": {
						"0.0": [127.10738, -72.22595, -93.86558],
						"0.4": [65.64344, -74.2775, -30.20766],
						"0.84": [112.42611, -74.73001, -78.56297],
						"1.24": [83.65838, -75.61831, -48.85035],
						"1.64": [127.10738, -72.22595, -93.86558]
					}
				},
				"arm_left": {
					"rotation": [20.04402, 11.41819, 32.48016]
				},
				"arm_left2": {
					"rotation": {
						"0.0": [117.44789, 70.07175, 90.16327],
						"0.4": [84.43718, 72.26586, 55.40347],
						"0.84": [110.97403, 71.09877, 83.30027],
						"1.24": [76.811, 71.85762, 47.38892],
						"1.64": [117.44789, 70.07175, 90.16327]
					}
				},
				"arm_right_hand": {
					"rotation": [0, -17.5, 0]
				},
				"arm_left_hand": {
					"rotation": [0, 20, 0]
				},
				"torso_top": {
					"rotation": {
						"0.0": [0, 0, 0],
						"0.4": [11.25, 0, 0],
						"0.84": [2.5, 0, 0],
						"1.24": [13.75, 0, 0],
						"1.64": [0, 0, 0]
					}
				},
				"head": {
					"rotation": {
						"0.0": [-2.5, 0, 0],
						"0.4": [-6.25, 0, 0],
						"0.84": [0, 0, 0],
						"1.24": [-8.75, 0, 0],
						"1.64": [-2.5, 0, 0]
					}
				},
				"leg_right": {
					"rotation": {
						"0.0": [2.5, 0, 0],
						"0.4": [-33.75, 0, 0],
						"0.84": [0, 0, 0],
						"1.64": [2.5, 0, 0]
					}
				},
				"leg_right2": {
					"rotation": {
						"0.0": [0, 0, 0],
						"0.4": [35, 0, 0],
						"0.84": [5, 0, 0],
						"1.64": [0, 0, 0]
					}
				},
				"leg_left": {
					"rotation": {
						"0.0": [2.5, 0, 0],
						"0.84": [0, 0, 0],
						"1.24": [-33.75, 0, 0],
						"1.64": [2.5, 0, 0]
					}
				},
				"leg_left2": {
					"rotation": {
						"0.0": [0, 0, 0],
						"0.84": [5, 0, 0],
						"1.24": [35, 0, 0],
						"1.64": [0, 0, 0]
					}
				}
			}
		},
		"animation.deltalopunny.ground_idle": {
			"loop": true,
			"animation_length": 2.12,
			"bones": {
				"ear_right": {
					"rotation": [-2.7508, 49.74086, -15.92994]
				},
				"ear_right2": {
					"rotation": {
						"0.0": [0, 0, -57.5],
						"1.04": [0, -5, -57.5],
						"2.08": [0, 0, -57.5]
					}
				},
				"ear_right3": {
					"rotation": [0, 0, -5]
				},
				"ear_right4": {
					"rotation": [0, 0, 20]
				},
				"ear_right5": {
					"rotation": [0, 0, 30]
				},
				"ear_left": {
					"rotation": [-2.7508, -49.74086, 15.92994]
				},
				"ear_left2": {
					"rotation": {
						"0.0": [0, 0, 50],
						"1.04": [0, 5, 50],
						"2.08": [0, 0, 50]
					}
				},
				"ear_left3": {
					"rotation": [0, 0, 17.5]
				},
				"ear_left4": {
					"rotation": [0, 0, -20]
				},
				"ear_left5": {
					"rotation": [0, 0, -30]
				},
				"arm_right": {
					"rotation": [20.04402, -11.41819, -32.48016]
				},
				"arm_right2": {
					"rotation": {
						"0.0": [127.10738, -72.22595, -93.86558],
						"1.04": [112.42611, -74.73001, -78.56297],
						"2.08": [127.10738, -72.22595, -93.86558]
					}
				},
				"arm_left": {
					"rotation": [20.04402, 11.41819, 32.48016]
				},
				"arm_left2": {
					"rotation": {
						"0.0": [117.44789, 70.07175, 90.16327],
						"1.04": [110.97403, 71.09877, 83.30027],
						"2.08": [117.44789, 70.07175, 90.16327]
					}
				},
				"arm_right_hand": {
					"rotation": [0, -17.5, 0]
				},
				"arm_left_hand": {
					"rotation": [0, 20, 0]
				},
				"torso_top": {
					"rotation": {
						"0.0": [0, 0, 0],
						"1.04": [2.5, 0, 0],
						"2.08": [0, 0, 0]
					}
				},
				"head": {
					"rotation": {
						"0.0": [-2.5, 0, 0],
						"1.04": [0, 0, 0],
						"2.08": [-2.5, 0, 0]
					}
				},
				"tail": {
					"rotation": {
						"0.0": [0, -10, 0],
						"1.04": [0, 10, 0],
						"2.08": [0, -10, 0]
					}
				},
				"leg_right": {
					"rotation": {
						"0.0": [2.5, 0, 0],
						"1.04": [0, 0, 0],
						"2.08": [2.5, 0, 0]
					}
				},
				"leg_right2": {
					"rotation": {
						"0.0": [0, 0, 0],
						"1.04": [5, 0, 0],
						"2.08": [0, 0, 0]
					}
				},
				"leg_left": {
					"rotation": {
						"0.0": [2.5, 0, 0],
						"1.04": [0, 0, 0],
						"2.08": [2.5, 0, 0]
					}
				},
				"leg_left2": {
					"rotation": {
						"0.0": [0, 0, 0],
						"1.04": [5, 0, 0],
						"2.08": [0, 0, 0]
					}
				}
			}
		},
		"animation.deltalopunny.blink": {
			"animation_length": 0.1667,
			"bones": {
				"eyelid_right": {
					"position": {
						"0.0": [-0.1, 0, 0],
						"0.125": [-0.1, 0, 0],
						"0.1667": [0, 0, 0]
					}
				},
				"eyelid_left": {
					"position": {
						"0.0": [0.1, 0, 0],
						"0.125": [0.1, 0, 0],
						"0.1667": [0, 0, 0]
					}
				}
			}
		}
	}
}