{
	"format_version": "1.8.0",
	"animations": {
		"animation.deltagrimer.ground_idle": {
			"loop": true,
			"animation_length": 1.5,
			"bones": {
				"arm_right": {
					"rotation": {
						"0.0": [-12.54707, -18.82943, 34.58859],
						"0.75": [5.123, -21.93857, -13.49359],
						"1.5": [-12.54707, -18.82943, 34.58859]
					}
				},
				"arm_right2": {
					"rotation": {
						"0.0": [-19.14398, -47.98557, 18.22012],
						"1.5": [-19.14398, -47.98557, 18.22012]
					}
				},
				"finger_right_index": {
					"rotation": [0, -22.5, -22.5]
				},
				"finger_right_ring": {
					"rotation": [0, 22.5, -22.5]
				},
				"arm_left": {
					"rotation": {
						"0.0": [-10.82777, 19.84303, -29.39943],
						"0.75": [-31.49178, -6.02575, 22.40481],
						"1.5": [-10.82777, 19.84303, -29.39943]
					}
				},
				"arm_left2": {
					"rotation": {
						"0.0": [-15, 55, -22.5],
						"0.75": [3.73828, 62.86948, 24.8279],
						"1.5": [-15, 55, -22.5]
					}
				},
				"finger_left_index": {
					"rotation": {
						"0.0": [0, 22.5, 22.5],
						"1.5": [0, 22.5, 22.5]
					}
				},
				"finger_left_ring": {
					"rotation": {
						"0.0": [0, -22.5, 22.5],
						"1.5": [0, -22.5, 22.5]
					}
				},
				"torso2": {
					"rotation": {
						"0.0": [0, 0, 7.5],
						"0.75": [0, 0, -5],
						"1.5": [0, 0, 7.5]
					}
				},
				"torso3": {
					"rotation": {
						"0.0": [0, 0, 2.5],
						"0.75": [0, 0, -5],
						"1.5": [0, 0, 2.5]
					}
				},
				"jaw": {
					"rotation": [-2.5, 0, 0]
				},
				"hand_right": {
					"rotation": {
						"0.0": [-27.39767, -13.99227, -14.76876],
						"0.75": [10.86728, -5.07855, -19.37006],
						"1.5": [-27.39767, -13.99227, -14.76876]
					}
				},
				"hand_left": {
					"rotation": {
						"0.0": [-15, 0, 10],
						"0.75": [-12.5, 0, 10],
						"1.5": [-15, 0, 10]
					}
				},
				"drippinright": {
					"rotation": {
						"0.0": [-7.47026, 21.94599, -10.48014],
						"0.3333": [1.85393, 42.18085, 1.7926],
						"0.75": [12.5, 0, 15],
						"1.125": [2.51952, -11.50585, 1.27806],
						"1.5": [-7.47026, 21.94599, -10.48014]
					},
					"position": {
						"0.0": [0.9, 0, -0.4],
						"0.75": [1, 0, -1],
						"1.5": [0.9, 0, -0.4]
					}
				},
				"drippinright2": {
					"rotation": {
						"0.0": [-44.21025, -38.49048, 61.19302],
						"0.75": [37.91141, -18.82943, 12.54707],
						"1.5": [-44.21025, -38.49048, 61.19302]
					}
				}
			}
		},
		"animation.deltagrimer.ground_walk": {
			"loop": true,
			"animation_length": 1.04,
			"bones": {
				"torso2": {
					"rotation": {
						"0.0": [0, 0, 0],
						"0.52": [27.5, 0, 0],
						"1.04": [0, 0, 0]
					}
				},
				"torso3": {
					"rotation": {
						"0.0": [0, 0, 0],
						"0.52": [-20, 0, 0],
						"1.04": [0, 0, 0]
					}
				},
				"head": {
					"rotation": {
						"0.0": [0, 0, 0],
						"0.52": [-7.5, 0, 0],
						"1.04": [0, 0, 0]
					}
				},
				"arm_right": {
					"rotation": {
						"0.0": [-52.38443, -40.84182, 63.256],
						"0.52": [-43.8455, -50.19019, 51.34816],
						"1.04": [-52.38443, -40.84182, 63.256]
					}
				},
				"arm_right2": {
					"rotation": {
						"0.0": [0, 0, -17.5],
						"0.52": [0, 0, 22.5],
						"1.04": [0, 0, -17.5]
					}
				},
				"hand_right": {
					"rotation": {
						"0.0": [7.09999, -21.40584, -18.84359],
						"0.52": [24.59999, -21.40584, -18.84359],
						"1.04": [7.09999, -21.40584, -18.84359]
					}
				},
				"finger_right_index": {
					"rotation": {
						"0.0": [0, -17.5, 0],
						"0.52": [0, -7.5, 0],
						"1.04": [0, -17.5, 0]
					}
				},
				"finger_right_middle": {
					"rotation": {
						"0.0": [0, 0, 17.5],
						"0.52": [0, 0, 2.5],
						"1.04": [0, 0, 17.5]
					}
				},
				"finger_right_ring": {
					"rotation": {
						"0.0": [0, 7.5, 0],
						"0.52": [0, -2.5, 0],
						"1.04": [0, 7.5, 0]
					}
				},
				"arm_left": {
					"rotation": {
						"0.0": [-409.65062, 40.05877, -408.52922],
						"0.52": [-393.50164, 53.53922, -386.65171],
						"1.04": [-409.65062, 40.05877, -408.52922]
					}
				},
				"arm_left2": {
					"rotation": {
						"0.0": [0, 7.5, 10],
						"0.52": [-5.7589, 4.81281, -40.24222],
						"1.04": [0, 7.5, 10]
					}
				},
				"hand_left": {
					"rotation": {
						"0.0": [0, 15, 20],
						"0.52": [17.5, 15, 20],
						"1.04": [0, 15, 20]
					}
				},
				"finger_left_index": {
					"rotation": {
						"0.0": [0, 15, 0],
						"0.52": [0, 5, 0],
						"1.04": [0, 15, 0]
					}
				},
				"finger_left_middle": {
					"rotation": {
						"0.0": [0, 0, -10],
						"0.52": [0, 0, 0],
						"1.04": [0, 0, -10]
					}
				},
				"finger_left_ring": {
					"rotation": {
						"0.0": [0, -10, 0],
						"0.52": [0, 2.5, 0],
						"1.04": [0, -10, 0]
					}
				},
				"drippinright": {
					"rotation": {
						"0.0": [-5, -17.5, -7.5],
						"0.24": [-19.39041, 2.21733, -17.10928],
						"0.52": [-38.66099, -20.67038, -11.59203],
						"1.04": [-5, -17.5, -7.5]
					},
					"position": {
						"0.0": [1, 0, 0],
						"1.04": [1, 0, 0]
					}
				},
				"drippinright2": {
					"rotation": {
						"0.0": [7.25002, -2.99318, 27.04589],
						"0.52": [2.04041, -7.57199, 79.60052],
						"1.04": [7.25002, -2.99318, 27.04589]
					}
				}
			}
		}
	}
}