{
	"format_version": "1.8.0",
	"animations": {
		"animation.deltabuneary.ground_idle": {
			"loop": true,
			"animation_length": 1.56,
			"bones": {
				"arm_left": {
					"rotation": [5.35193, 27.12716, 16.46041]
				},
				"arm_left2": {
					"rotation": {
						"0.0": [0, 0, -10],
						"1.04": [0, 0, -20],
						"1.52": [0, 0, -10]
					}
				},
				"arm_left3": {
					"rotation": {
						"0.0": [0, 0, -5],
						"1.52": [0, 0, -5]
					}
				},
				"arm_right": {
					"rotation": [3.79456, -9.58762, -17.59958]
				},
				"arm_right2": {
					"rotation": {
						"0.0": [-0.88045, -9.96156, 10.07673],
						"0.52": [-3.03513, -9.53274, 22.75313],
						"1.52": [-0.88045, -9.96156, 10.07673]
					}
				},
				"arm_right3": {
					"rotation": {
						"0.0": [0, 0, 5],
						"1.52": [0, 0, 5]
					}
				},
				"buneary": {
					"rotation": {
						"0.0": [0, 0, -7.5],
						"1.52": [0, 0, -7.5]
					},
					"position": {
						"0.0": [0, 0.5, 0],
						"0.24": [0, 0.96, 0],
						"0.52": [0, 1.5, 0],
						"1.0": [0, 0.5, 0],
						"1.52": [0, 0.5, 0]
					}
				},
				"foot_right": {
					"rotation": {
						"0.0": [23.73323, 1.65265, 8.89938],
						"0.52": [24.70583, 21.64345, 6.93889],
						"1.0": [14.35946, 18.41581, 16.12892],
						"1.52": [23.73323, 1.65265, 8.89938]
					}
				},
				"foot_right2": {
					"rotation": {
						"0.0": [-22.5, 0, 0],
						"1.52": [-22.5, 0, 0]
					}
				},
				"foot_left": {
					"rotation": {
						"0.0": [10, -10, 0],
						"0.52": [22.33566, 5.57422, -0.40671],
						"1.0": [10, -10, 0],
						"1.52": [10, -10, 0]
					}
				},
				"foot_left2": {
					"rotation": {
						"0.0": [-5, 0, 0],
						"1.52": [-5, 0, 0]
					}
				},
				"ruff": {
					"rotation": {
						"0.0": [0, 0, 7.5],
						"0.36": [0, 0, 0],
						"1.0": [0, 0, 15],
						"1.52": [0, 0, 7.5]
					}
				},
				"torso": {
					"rotation": {
						"0.0": [0, 0, 7.5],
						"1.52": [0, 0, 7.5]
					}
				}
			}
		},
		"animation.deltabuneary.blink": {
			"animation_length": 0.16667,
			"bones": {
				"eyelid_left": {
					"position": {
						"0.0": [0, 0, -0.1],
						"0.125": [0, 0, -0.1],
						"0.1667": [0, 0, 0]
					}
				},
				"eyelid_right": {
					"position": {
						"0.0": [0, 0, -0.1],
						"0.125": [0, 0, -0.1],
						"0.1667": [0, 0, 0]
					}
				}
			}
		},
		"animation.deltabuneary.ground_walk": {
			"loop": true,
			"animation_length": 1.04,
			"bones": {
				"arm_left": {
					"rotation": {
						"0.0": [0, 0, 15],
						"0.52": [0, 15, 15],
						"1.04": [0, 0, 15]
					}
				},
				"arm_left2": {
					"rotation": [0, 5, 0]
				},
				"arm_right": {
					"rotation": {
						"0.0": [0, 0, -17.5],
						"0.52": [0, -15, -17.5],
						"1.04": [0, 0, -17.5]
					}
				},
				"arm_right2": {
					"rotation": [0, -5, 0]
				},
				"buneary": {
					"position": {
						"0.0": [0, 0, 0],
						"0.52": [0, 2, 0],
						"1.04": [0, 0, 0]
					}
				},
				"foot_right": {
					"rotation": {
						"0.0": [0, 0, 0],
						"0.52": [45, 0, 0],
						"1.04": [0, 0, 0]
					}
				},
				"foot_right2": {
					"rotation": {
						"0.0": [0, 0, 0],
						"0.52": [-25, 0, 0],
						"1.04": [0, 0, 0]
					}
				},
				"foot_left": {
					"rotation": {
						"0.0": [0, 0, 0],
						"0.52": [45, 0, 0],
						"1.04": [0, 0, 0]
					}
				},
				"foot_left2": {
					"rotation": {
						"0.0": [0, 0, 0],
						"0.52": [-25, 0, 0],
						"1.04": [0, 0, 0]
					}
				},
				"ruff": {
					"rotation": {
						"0.0": [0, 0, 0],
						"0.52": [10, 0, 0],
						"1.04": [0, 0, 0]
					}
				},
				"torso": {
					"rotation": {
						"0.0": [0, 0, 0],
						"0.52": [-7.5, 0, 0],
						"1.04": [0, 0, 0]
					}
				},
				"head": {
					"rotation": {
						"0.0": [0, 0, 0],
						"1.04": [0, 0, 0]
					}
				},
				"ear_right": {
					"rotation": {
						"0.0": [0, 0, 0],
						"0.52": [0, 0, -2.5],
						"1.04": [0, 0, 0]
					}
				},
				"ear_left": {
					"rotation": {
						"0.0": [0, 0, 0],
						"0.52": [0, 0, 2.5],
						"1.04": [0, 0, 0]
					}
				},
				"tail": {
					"rotation": {
						"0.0": [0, 0, 0],
						"0.28": [-10, 0, 0],
						"0.76": [8.82, 0, 0],
						"1.04": [0, 0, 0]
					}
				}
			}
		}
	}
}