{
	"format_version": "1.8.0",
	"animations": {
		"animation.drilladin.ground_idle": {
			"loop": true,
			"bones": {
				"wing_right": {
					"rotation": [0, 25, 0]
				},
				"wing_lower_right": {
					"rotation": [0, 10, -27.5]
				},
				"arm_right": {
					"rotation": [-29.10537, -2.69245, -67.95719]
				},
				"arm_right2": {
					"rotation": [368.55618, -80.4173, -375.05267]
				},
				"shield": {
					"rotation": [0, 22.5, 0]
				},
				"arm_left": {
					"rotation": [10.11298, -9.65594, -15.22074]
				},
				"head": {
					"rotation": [-11.37384, -25.0144, 19.33864],
					"position": [-0.94556, 0.16267, -0.28188]
				},
				"spine": {
					"rotation": [37.5, 0, 0]
				},
				"body": {
					"position": [0, 2, 0]
				},
				"torso": {
					"rotation": [20, 0, 0],
					"position": [0, -1, 0]
				},
				"spine2": {
					"rotation": [-50, 0, 0]
				},
				"leg_left": {
					"rotation": [44.67076, -56.23555, -23.51549],
					"position": [-0.18506, 1.73603, 4.17421]
				},
				"leg_left2": {
					"rotation": [45, 0, 0]
				},
				"stinger": {
					"rotation": [-2.58594, 10.48645, -11.45234]
				},
				"arm_left2": {
					"rotation": [-12.73916, 59.16159, -14.75144]
				},
				"leg_right": {
					"rotation": [41.11792, 58.87431, 25.06167],
					"position": [0.18506, 1.73603, 4.17421]
				},
				"leg_right2": {
					"rotation": [70, 0, 0]
				},
				"wing_left": {
					"rotation": [0, 25, 0]
				},
				"wing_upper_left": {
					"rotation": [14.1614, -37.80946, -22.37174]
				},
				"wing_lower_left": {
					"rotation": [0, -37.5, 27.5]
				},
				"drilladin": {
					"scale": 0.8
				},
				"eyelid_left": {
					"position": [0, 0, 0.9]
				}
			}
		}
	}
}