{
	"format_version": "1.8.0",
	"animations": {
		"animation.shyleonastral.ground_idle": {
			"loop": true,
			"bones": {
				"body": {
					"rotation": [16.90846, -19.80753, 11.96829],
					"position": [0, -1, -3]
				},
				"neck": {
					"rotation": [11.77253, 5.94439, 8.28889]
				},
				"head": {
					"rotation": [-21.87006, -5.07855, -14.13272]
				},
				"arm_left": {
					"rotation": [0, 0, 20]
				},
				"neckpiece3": {
					"rotation": [25, 0, 0]
				},
				"body2": {
					"rotation": [-15.68629, 4.58283, -11.63385]
				},
				"loincloth": {
					"rotation": [-17.5, -5, 0]
				},
				"arm_left2": {
					"rotation": [-8.29012, 39.27345, 17.03752]
				},
				"arm_left3": {
					"rotation": [4.82634, 8.08839, 29.85434]
				},
				"hand_left": {
					"rotation": [65.28315, 53.51086, -15.24516]
				},
				"thumb_left": {
					"rotation": [12.5, 15, 5],
					"position": [0.24056, -0.02105, -0.0647]
				},
				"finger_left_front": {
					"rotation": [0, 27.1835, -4.37242]
				},
				"finger_left_back": {
					"rotation": [0, -27.3071, -9.76228]
				},
				"arm_right": {
					"rotation": [-17.40109, 2.68407, 4.22005]
				},
				"arm_right2": {
					"rotation": [-3.03513, 9.53274, -30.25313]
				},
				"arm_right3": {
					"rotation": [2.5, 0, -15]
				},
				"hand_right": {
					"rotation": [32.5, 0, 17.5]
				},
				"thumb_right": {
					"rotation": [17.5, 0, 35],
					"position": [-0.16383, 0.11472, 0]
				},
				"finger_right_front": {
					"rotation": [0, 0, 5]
				},
				"finger_right_back": {
					"rotation": [0, 0, -67.5]
				},
				"tail": {
					"rotation": [2.5665, -22.66325, 6.82029]
				},
				"tail2": {
					"rotation": [-17.52832, -4.95712, 0.65426]
				},
				"tail3": {
					"rotation": [6.67311, -14.18242, -8.25034]
				},
				"tail4": {
					"rotation": [34.78059, -30.67147, -12.35203]
				},
				"tail5": {
					"rotation": [25, 0, 0]
				},
				"tail6": {
					"rotation": [52.5, 0, 0]
				},
				"leg_left": {
					"rotation": [24.23178, 26.06465, 45.68919]
				},
				"leg_left2": {
					"rotation": [0, 0, 50]
				},
				"foot_left": {
					"rotation": [0, 0, -110]
				},
				"foot_left2": {
					"rotation": [0, 0, -40]
				},
				"toe_left_front": {
					"rotation": [-27.5, 0, -30]
				},
				"toe_left_back": {
					"rotation": [12.5, 0, -30]
				},
				"leg_right": {
					"rotation": [14.71908, -43.7925, -17.29707]
				},
				"leg_right2": {
					"rotation": [17.90055, -11.73971, -53.08884]
				},
				"foot_right": {
					"rotation": [0, 0, 85]
				},
				"foot_right2": {
					"rotation": [0, 0, 25]
				},
				"toe_right_front": {
					"rotation": [-20, 0, 42.5]
				},
				"toe_right_back": {
					"rotation": [32.5, 0, 42.5]
				},
				"tail7": {
					"rotation": [-30, 0, 0]
				},
				"halo": {
					"rotation": [-12.5, 0, 0],
					"position": [0, 0, 2]
				},
				"neckpiece2": {
					"rotation": [-17.5, 0, 0]
				}
			}
		}
	}
}