{
	"format_version": "1.8.0",
	"animations": {
		"animation.deltasableye.ground_idle": {
			"loop": true,
			"animation_length": 6.5,
			"bones": {
				"body": {
					"position": [0, -0.4, 0]
				},
				"torso": {
					"rotation": [7.5, "1*(math.sin(q.anim_time*90*2.5-40)*3+1)", "1*(math.sin(q.anim_time*90*2.5-40)*3+1)"],
					"position": [0, "-0.1*(math.sin(q.anim_time*90*2.5-90)*4+1)", 0]
				},
				"chest": {
					"rotation": ["15-(math.sin(q.anim_time*90*2.5-60)*4+1)", 0, 0]
				},
				"head": {
					"rotation": {
						"0.0": [4.95744, 0.65182, -7.47178],
						"1.125": [4.98107, -0.43523, 4.98107],
						"1.4583": [4.92583, 1.6236, 10.17733],
						"1.5": [5.17182, -0.38215, 32.59023],
						"1.5417": [4.92583, 1.6236, 10.17733],
						"1.75": [4.92583, 1.6236, 10.17733],
						"1.7917": [4.06972, 0.71545, -9.95593],
						"1.8333": [4.11649, 0.35834, -4.96848],
						"3.3333": [4.06972, 0.71545, -9.95593],
						"3.375": [4.06921, -0.71838, 9.99312],
						"3.4167": [4.12817, 0.1786, -2.47492],
						"3.4583": [4.95744, 0.65182, -7.47178],
						"4.5": [4.99527, 0.21782, -2.4905],
						"4.5417": [4.69986, 1.70818, -19.9299],
						"4.5833": [4.76968, 1.50179, -17.43745],
						"5.5417": [4.69986, 1.70818, -19.9299],
						"5.5833": [4.95744, 0.65182, -7.47178],
						"6.375": [4.95944, -0.65423, 7.47351],
						"6.4167": [4.72965, -1.49049, 17.43936],
						"6.4583": [4.95744, 0.65182, -7.47178]
					}
				},
				"arm_right": {
					"rotation": {
						"0.0": [
							"-5.4331+15*(math.sin(q.anim_time*160*1)*0.5+1)",
							"-45.6333+15*(math.sin(q.anim_time*90*1)*0.5+1)",
							"14.8209-25*(math.sin(q.anim_time*90*1)*0.5+1)"
						],
						"1.125": [17.7848, 3.5902, -4.7545],
						"1.4583": ["15*(math.sin(q.anim_time*160*1)*0.5+1)", "15*(math.sin(q.anim_time*90*1)*0.5+1)", "-25*(math.sin(q.anim_time*90*1)*0.5+1)"],
						"1.5": [
							"11.0408+15*(math.sin(q.anim_time*160*1)*0.5+1)",
							"-10.1284+15*(math.sin(q.anim_time*90*1)*0.5+1)",
							"40.2313-25*(math.sin(q.anim_time*90*1)*0.5+1)"
						],
						"1.5417": ["15*(math.sin(q.anim_time*160*1)*0.5+1)", "15*(math.sin(q.anim_time*90*1)*0.5+1)", "-25*(math.sin(q.anim_time*90*1)*0.5+1)"],
						"1.7917": [11.12733, -11.73845, -20.05666],
						"2.5": [13.3567, -18.03651, -11.4688],
						"3.0": [
							"1.1916+15*(math.sin(q.anim_time*160*1)*0.5+1)",
							"-26.5865+15*(math.sin(q.anim_time*90*1)*0.5+1)",
							"-10.7023-25*(math.sin(q.anim_time*90*1)*0.5+1)"
						],
						"3.375": ["15*(math.sin(q.anim_time*160*1)*0.5+1)", "15*(math.sin(q.anim_time*90*1)*0.5+1)", "-25*(math.sin(q.anim_time*90*1)*0.5+1)"],
						"3.4167": [
							"-2.2579+15*(math.sin(q.anim_time*160*1)*0.5+1)",
							"2.8232+15*(math.sin(q.anim_time*90*1)*0.5+1)",
							"-12.3851-25*(math.sin(q.anim_time*90*1)*0.5+1)"
						],
						"4.2917": [20.31688, 15.21798, -14.85402],
						"5.4583": [
							"-5.4331+15*(math.sin(q.anim_time*160*1)*0.5+1)",
							"-45.6333+15*(math.sin(q.anim_time*90*1)*0.5+1)",
							"14.8209-25*(math.sin(q.anim_time*90*1)*0.5+1)"
						],
						"6.375": [
							"2.2694+15*(math.sin(q.anim_time*160*1)*0.5+1)",
							"9.9769+15*(math.sin(q.anim_time*90*1)*0.5+1)",
							"-21.2711-25*(math.sin(q.anim_time*90*1)*0.5+1)"
						],
						"6.4167": [9.93013, 20.89467, -43.30351],
						"6.4583": [
							"-5.4331+15*(math.sin(q.anim_time*160*1)*0.5+1)",
							"-45.6333+15*(math.sin(q.anim_time*90*1)*0.5+1)",
							"14.8209-25*(math.sin(q.anim_time*90*1)*0.5+1)"
						]
					}
				},
				"arm_right2": {
					"rotation": {
						"0.0": [-7.5, -57.5, 0],
						"3.0": [0, -57.5, 0],
						"4.2917": [7.5, -57.5, 0],
						"5.4583": [-7.5, -57.5, 0],
						"6.4583": [-7.5, -57.5, 0]
					}
				},
				"arm_left": {
					"rotation": {
						"0.0": [
							"-7.8407+15*(math.sin(q.anim_time*120*1)*0.5+1)",
							"4.8905+15*(math.sin(q.anim_time*90*1)*0.5+1)",
							"-25.729+40*(math.sin(q.anim_time*90*1)*0.5+1)"
						],
						"1.4583": ["15*(math.sin(q.anim_time*120*1)*0.5+1)", "15*(math.sin(q.anim_time*90*1)*0.5+1)", "40*(math.sin(q.anim_time*90*1)*0.5+1)"],
						"1.5": [
							"-3.8352+15*(math.sin(q.anim_time*120*1)*0.5+1)",
							"2.2703+15*(math.sin(q.anim_time*90*1)*0.5+1)",
							"-10.4658+40*(math.sin(q.anim_time*90*1)*0.5+1)"
						],
						"1.5417": ["15*(math.sin(q.anim_time*120*1)*0.5+1)", "15*(math.sin(q.anim_time*90*1)*0.5+1)", "40*(math.sin(q.anim_time*90*1)*0.5+1)"],
						"2.5": ["15*(math.sin(q.anim_time*120*1)*0.5+1)", "15*(math.sin(q.anim_time*90*1)*0.5+1)", "40*(math.sin(q.anim_time*90*1)*0.5+1)"],
						"2.5417": [
							"-1.297+15*(math.sin(q.anim_time*120*1)*0.5+1)",
							"1.0723+15*(math.sin(q.anim_time*90*1)*0.5+1)",
							"-7.5354+40*(math.sin(q.anim_time*90*1)*0.5+1)"
						],
						"2.5833": [
							"-2.1775+15*(math.sin(q.anim_time*120*1)*0.5+1)",
							"1.7829+15*(math.sin(q.anim_time*90*1)*0.5+1)",
							"-12.5621+40*(math.sin(q.anim_time*90*1)*0.5+1)"
						],
						"3.0": [20.46176, 56.03112, 22.71273],
						"6.5": [
							"-14.4485+15*(math.sin(q.anim_time*120*1)*0.5+1)",
							"11.7532+15*(math.sin(q.anim_time*90*1)*0.5+1)",
							"-11.7573+40*(math.sin(q.anim_time*90*1)*0.5+1)"
						]
					}
				},
				"arm_left2": {
					"rotation": {
						"0.0": [-154.08473, 19.291, -84.61848],
						"3.0": [-189.26162, 20.21655, -92.52735]
					},
					"position": [0, 0, -2]
				},
				"leg_right": {
					"rotation": ["-30-(math.sin(q.anim_time*90*2.5-90)*4+1)", 20, 0],
					"position": [0, "-0.1*(math.sin(q.anim_time*90*2.5-90)*1+1)", "0.1*(math.sin(q.anim_time*90*2.5-90)*1+1)"]
				},
				"leg_right2": {
					"rotation": ["45+(math.sin(q.anim_time*90*2.5-90)*4+1)", 0, 0]
				},
				"leg_left": {
					"rotation": ["-30-(math.sin(q.anim_time*90*2.5-90)*4+1)", -20, 0],
					"position": [0, "-0.1*(math.sin(q.anim_time*90*2.5-90)*1+1)", "0.1*(math.sin(q.anim_time*90*2.5-90)*1+1)"]
				},
				"leg_left2": {
					"rotation": ["45+(math.sin(q.anim_time*90*2.5-90)*4+1)", 0, 0]
				},
				"gem": {
					"rotation": [7.5, 0, 0],
					"position": [0, "-1+(math.sin(q.anim_time*90*2.5-60)*0.2+1)", 0]
				},
				"foot_right": {
					"rotation": [-15, 0, 0]
				},
				"foot_left": {
					"rotation": [-15, 0, 0]
				},
				"finger_right1": {
					"rotation": [0, 0, -27.5]
				},
				"finger_right2": {
					"rotation": [0, 0, -20]
				},
				"finger_right3": {
					"rotation": [0, 0, -22.5]
				},
				"finger_left1": {
					"rotation": [0, 0, "1*(math.sin(q.anim_time*260*1)*30+1)"]
				},
				"finger_left2": {
					"rotation": [0, 0, "1*(math.sin(q.anim_time*270*1)*30+1)"]
				},
				"finger_left3": {
					"rotation": [0, 0, "1*(math.sin(q.anim_time*280*1)*30+1)"]
				},
				"flame_left": {
					"rotation": {
						"0.0": [-70.12911, 40.17296, 72.84723],
						"0.7917": [-63.3025, 10.55147, 79.42748],
						"1.5": [-45.01307, -9.74247, 65.68703],
						"1.5417": [-63.67507, -5.13265, 71.63156],
						"3.0": [-56.05186, -15.56916, 69.34189],
						"5.6667": [-72.43129, -2.99223, 60.0503],
						"6.5": [-70.12911, 40.17296, 72.84723]
					},
					"position": {
						"0.0": [-0.5, 0.5, -0.1],
						"0.7917": [-0.5, 1.5, -1.1],
						"1.5417": [-0.5, 1.5, -1.1],
						"6.5": [-0.5, 0.5, -0.1]
					}
				},
				"flame_right": {
					"rotation": {
						"0.0": [0, -40, 0],
						"0.7917": [0, -32.5, 0],
						"1.5": [22.99316, -24.96312, -45.15564],
						"1.5417": [0, -32.5, 0],
						"6.5": [0, -40, 0]
					},
					"position": {
						"0.0": [0, 0, -1.1],
						"6.5": [0, 0, -1.1]
					}
				}
			}
		},
		"animation.deltasableye.ground_walk": {
			"loop": true,
			"animation_length": 3,
			"bones": {
				"body": {
					"position": {
						"0.0": [0, 1, 0],
						"0.25": [0, -0.3, 0],
						"0.5": [0, 1, 0],
						"0.75": [0, -0.3, 0],
						"1.0": [0, 1, 0],
						"1.25": [0, -0.3, 0],
						"1.5": [0, 1, 0],
						"1.75": [0, -0.3, 0],
						"2.0": [0, 1, 0],
						"2.25": [0, -0.3, 0],
						"2.5": [0, 1, 0],
						"2.75": [0, -0.3, 0],