{
	"format_version": "1.8.0",
	"animations": {
		"animation.deltaavalugg.ground_idle": {
			"loop": true,
			"animation_length": 3.16,
			"bones": {
				"leg_front_left": {
					"rotation": {
						"0.0": [0, 37.5, 0],
						"3.16": [0, 37.5, 0]
					}
				},
				"leg_front_left1": {
					"rotation": {
						"0.0": [-40, 0, 30],
						"1.56": [-39.97314, 1.60667, 31.91561],
						"3.16": [-40, 0, 30]
					}
				},
				"leg_front_left2": {
					"rotation": [0, -15, 20]
				},
				"leg_front_left3": {
					"rotation": [-5, -15, 20]
				},
				"leg_front_left4": {
					"rotation": {
						"0.0": [0.30686, -6.9933, 5.48125],
						"1.56": [0.61312, -6.97323, 2.96264],
						"3.16": [0.30686, -6.9933, 5.48125]
					}
				},
				"leg_back_left": {
					"rotation": [0, 0, 0]
				},
				"leg_back_left1": {
					"rotation": {
						"0.0": [-8, 12.5, 35.5],
						"1.56": [-7.44307, 12.83595, 38.03915],
						"3.16": [-8, 12.5, 35.5]
					}
				},
				"leg_back_left2": {
					"rotation": [1.5, -10, 17.5]
				},
				"leg_back_left3": {
					"rotation": [1.5, -17, 27.5]
				},
				"leg_back_left4": {
					"rotation": {
						"0.0": [-0.53121, 11.98841, 5.94422],
						"1.56": [-1.06131, 11.95366, 3.38888],
						"3.16": [-0.53121, 11.98841, 5.94422]
					}
				},
				"leg_front_right4": {
					"rotation": {
						"0.0": [0.30686, 6.9933, -5.48125],
						"1.56": [0.61312, 6.97323, -2.96264],
						"3.16": [0.30686, 6.9933, -5.48125]
					}
				},
				"leg_front_right3": {
					"rotation": {
						"0.0": [-5, 15, -20],
						"3.16": [-5, 15, -20]
					}
				},
				"leg_front_right2": {
					"rotation": [0, 15, -20]
				},
				"leg_front_right1": {
					"rotation": {
						"0.0": [-40, 0, -30],
						"1.56": [-39.97314, -1.60667, -31.91561],
						"3.16": [-40, 0, -30]
					}
				},
				"leg_front_right": {
					"rotation": [0, -37.5, 0]
				},
				"leg_back_right1": {
					"rotation": {
						"0.0": [-8, -12.5, -35.5],
						"1.56": [-7.44307, -12.83595, -38.03915],
						"3.16": [-8, -12.5, -35.5]
					}
				},
				"leg_back_right2": {
					"rotation": [1.5, 10, -17.5]
				},
				"leg_back_right3": {
					"rotation": [-1.5, 17, -27.5]
				},
				"leg_back_right4": {
					"rotation": {
						"0.0": [-0.55404, -12.48791, -5.93938],
						"1.56": [-1.10693, -12.45167, -3.37924],
						"3.16": [-0.55404, -12.48791, -5.93938]
					}
				},
				"neck": {
					"rotation": [0, 0, 0]
				},
				"jaw": {
					"rotation": [0, 0, 0]
				},
				"head": {
					"rotation": {
						"0.0": [10, 0, 0],
						"1.56": [5, 0, 0],
						"3.16": [10, 0, 0]
					}
				},
				"jaw_spike2": {
					"rotation": [0, 0, 0]
				},
				"jaw2": {
					"rotation": [0, 0, 0]
				},
				"jaw3": {
					"rotation": [0, 0, 0]
				},
				"body": {
					"position": [0, 0, 0]
				},
				"torso": {
					"position": {
						"0.0": [0, 0, 0],
						"1.56": [0, -1, 0],
						"3.16": [0, 0, 0]
					}
				}
			}
		},
		"animation.deltaavalugg.blink": {
			"animation_length": 0.08333,
			"bones": {
				"eyelid_left": {
					"position": {
						"0.0": [0, 0, -0.1],
						"0.0833": [0, 0, 0]
					}
				},
				"eyelid_right": {
					"position": {
						"0.0": [0, 0, -0.1],
						"0.0833": [0, 0, 0]
					}
				}
			}
		},
		"animation.deltaavalugg.ground_walk": {
			"loop": true,
			"animation_length": 3.16,
			"bones": {
				"leg_front_left": {
					"rotation": {
						"0.0": [0, 37.5, 0],
						"3.16": [0, 37.5, 0]
					}
				},
				"leg_front_left1": {
					"rotation": {
						"0.0": [-41.7633, 15.18892, 16.83217],
						"1.56": [-39.97314, 1.60667, 31.91561],
						"3.16": [-41.7633, 15.18892, 16.83217]
					}
				},
				"leg_front_left2": {
					"rotation": [0, -15, 20]
				},
				"leg_front_left3": {
					"rotation": [-5, -15, 20]
				},
				"leg_front_left4": {
					"rotation": {
						"0.0": [0.30686, -6.9933, 5.48125],
						"1.56": [0.61312, -6.97323, 2.96264],
						"3.16": [0.30686, -6.9933, 5.48125]
					}
				},
				"leg_back_left": {
					"rotation": [0, 0, 0]
				},
				"leg_back_left1": {
					"rotation": {
						"0.0": [-8, 12.5, 35.5],
						"1.56": [-10.51803, 10.48048, 22.91019],
						"3.16": [-8, 12.5, 35.5]
					}
				},
				"leg_back_left2": {
					"rotation": [1.5, -10, 17.5]
				},
				"leg_back_left3": {
					"rotation": [1.5, -17, 27.5]
				},
				"leg_back_left4": {
					"rotation": {
						"0.0": [-0.53121, 11.98841, 5.94422],
						"1.56": [-1.06131, 11.95366, 3.38888],
						"3.16": [-0.53121, 11.98841, 5.94422]
					}
				},
				"leg_front_right4": {
					"rotation": {
						"0.0": [0.30686, 6.9933, -5.48125],
						"1.56": [0.61312, 6.97323, -2.96264],
						"3.16": [0.30686, 6.9933, -5.48125]
					}
				},
				"leg_front_right3": {
					"rotation": {
						"0.0": [-5, 15, -20],
						"1.56": [-4.84718, -4.9277, -18.28548],
						"3.16": [-5, 15, -20]
					}
				},
				"leg_front_right2": {
					"rotation": [0, 15, -20]
				},
				"leg_front_right1": {
					"rotation": {
						"0.0": [-40, 0, -30],
						"1.56": [-42.11819, -16.75918, -18.64973],
						"3.16": [-40, 0, -30]
					}
				},
				"leg_front_right": {
					"rotation": [0, -37.5, 0]
				},
				"leg_back_right1": {
					"rotation": {
						"0.0": [-10.053, -10.92694, -25.41357],
						"1.56": [-7.44307, -12.83595, -38.03915],
						"3.16": [-10.053, -10.92694, -25.41357]
					}
				},
				"leg_back_right2": {
					"rotation": [1.5, 10, -17.5]
				},
				"leg_back_right3": {
					"rotation": [-1.5, 17, -27.5]
				},
				"leg_back_right4": {
					"rotation": {
						"0.0": [-0.55404, -12.48791, -5.93938],
						"1.56": [-1.10693, -12.45167, -3.37924],
						"3.16": [-0.55404, -12.48791, -5.93938]
					}
				},
				"neck": {
					"rotation": [0, 0, 0]
				},
				"jaw": {
					"rotation": [0, 0, 0]
				},
				"head": {
					"rotation": {
						"0.0": [10, 0, 0],
						"1.56": [5, 0, 0],
						"3.16": [10, 0, 0]
					}
				},
				"jaw_spike2": {
					"rotation": [0, 0, 0]
				},
				"jaw2": {
					"rotation": [0, 0, 0]
				},
				"jaw3": {
					"rotation": [0, 0, 0]
				},
				"body": {
					"position": [0, 0, 0]
				},
				"torso": {
					"rotation": {
						"0.0": [2.5, 0, 0],
						"1.56": [5, 0, 0],
						"3.16": [2.5, 0, 0]
					},
					"position": {
						"0.0": [0, 0, 0],
						"1.56": [0, -1, 0],
						"3.16": [0, 0, 0]
					}
				}
			}
		}
	}
}